{
  "Use Non-ASCII Font" : false,
  "Tags" : [

  ],
  "Ansi 12 Color" : {
    "Red Component" : 0.50656896829999998,
    "Color Space" : "sRGB",
    "Blue Component" : 1,
    "Alpha Component" : 1,
    "Green Component" : 0.65522944930000004
  },
  "Ansi 7 Color" : {
    "Red Component" : 0.96881216764450073,
    "Color Space" : "sRGB",
    "Blue Component" : 0.96882253885269165,
    "Alpha Component" : 1,
    "Green Component" : 0.96883469820022583
  },
  "Draw Powerline Glyphs" : true,
  "Bold Color" : {
    "Red Component" : 0.96881216764450073,
    "Color Space" : "sRGB",
    "Blue Component" : 0.96882253885269165,
    "Alpha Component" : 1,
    "Green Component" : 0.96883469820022583
  },
  "Ansi 8 Color" : {
    "Red Component" : 0.4044121504,
    "Color Space" : "sRGB",
    "Blue Component" : 0.5898253322,
    "Alpha Component" : 1,
    "Green Component" : 0.42637339229999999
  },
  "Ansi 9 Color" : {
    "Red Component" : 0.99839144950000003,
    "Color Space" : "sRGB",
    "Blue Component" : 0.44612413639999998,
    "Alpha Component" : 1,
    "Green Component" : 0.33239436150000001
  },
  "Ansi 6 Color" : {
    "Red Component" : 0.5168200731,
    "Color Space" : "sRGB",
    "Blue Component" : 1,
    "Alpha Component" : 1,
    "Green Component" : 0.86451375480000003
  },
  "Rows" : 25,
  "Default Bookmark" : "No",
  "Ansi 0 Color" : {
    "Red Component" : 0.16080400349999999,
    "Color Space" : "sRGB",
    "Blue Component" : 0.24559730290000001,
    "Alpha Component" : 1,
    "Green Component" : 0.17435684800000001
  },
  "Non-ASCII Anti Aliased" : true,
  "Use Bright Bold" : true,
  "Ansi 10 Color" : {
    "Red Component" : 0.75350135559999998,
    "Color Space" : "sRGB",
    "Blue Component" : 0.53363400699999997,
    "Alpha Component" : 1,
    "Green Component" : 0.91819494960000003
  },
  "Ambiguous Double Width" : false,
  "Jobs to Ignore" : [
    "rlogin",
    "ssh",
    "slogin",
    "telnet"
  ],
  "Ansi 15 Color" : {
    "Red Component" : 0.96881216764450073,
    "Color Space" : "sRGB",
    "Blue Component" : 0.96882253885269165,
    "Alpha Component" : 1,
    "Green Component" : 0.96883469820022583
  },
  "Foreground Color" : {
    "Red Component" : 0.6909186840057373,
    "Color Space" : "sRGB",
    "Blue Component" : 0.77113616466522217,
    "Alpha Component" : 1,
    "Green Component" : 0.74384194612503052
  },
  "Working Directory" : "\/Users\/silare",
  "Blinking Cursor" : true,
  "Disable Window Resizing" : true,
  "Sync Title" : false,
  "Prompt Before Closing 2" : false,
  "BM Growl" : true,
  "Command" : "",
  "Description" : "Default",
  "Mouse Reporting" : true,
  "Screen" : -1,
  "Selection Color" : {
    "Red Component" : 0.74266761541366577,
    "Color Space" : "sRGB",
    "Blue Component" : 0.81451034545898438,
    "Alpha Component" : 1,
    "Green Component" : 0.79099029302597046
  },
  "Columns" : 80,
  "Idle Code" : 0,
  "Ansi 13 Color" : {
    "Red Component" : 0.77979630229999997,
    "Color Space" : "sRGB",
    "Blue Component" : 0.91853994130000005,
    "Alpha Component" : 1,
    "Green Component" : 0.57087475060000004
  },
  "Brighten Bold Text" : false,
  "Custom Command" : "No",
  "ASCII Anti Aliased" : true,
  "Non Ascii Font" : "Monaco 12",
  "Vertical Spacing" : 1.1399999999999999,
  "Use Bold Font" : true,
  "Option Key Sends" : 0,
  "Selected Text Color" : {
    "Red Component" : 0.16080400349999999,
    "Color Space" : "sRGB",
    "Blue Component" : 0.24559730290000001,
    "Alpha Component" : 1,
    "Green Component" : 0.17435684800000001
  },
  "Background Color" : {
    "Red Component" : 0.16078431372549021,
    "Color Space" : "sRGB",
    "Blue Component" : 0.24313725490196078,
    "Alpha Component" : 1,
    "Green Component" : 0.17254901960784313
  },
  "Character Encoding" : 4,
  "Ansi 11 Color" : {
    "Red Component" : 1,
    "Color Space" : "sRGB",
    "Blue Component" : 0.4183797836,
    "Alpha Component" : 1,
    "Green Component" : 0.79592567680000004
  },
  "Use Italic Font" : true,
  "Unlimited Scrollback" : true,
  "Keyboard Map" : {
    "0xf700-0x260000" : {
      "Text" : "[1;6A",
      "Action" : 10
    },
    "0x37-0x40000" : {
      "Text" : "0x1f",
      "Action" : 11
    },
    "0x32-0x40000" : {
      "Text" : "0x00",
      "Action" : 11
    },
    "0xf709-0x20000" : {
      "Text" : "[17;2~",
      "Action" : 10
    },
    "0xf70c-0x20000" : {
      "Text" : "[20;2~",
      "Action" : 10
    },
    "0xf729-0x20000" : {
      "Text" : "[1;2H",
      "Action" : 10
    },
    "0xf72b-0x40000" : {
      "Text" : "[1;5F",
      "Action" : 10
    },
    "0xf705-0x20000" : {
      "Text" : "[1;2Q",
      "Action" : 10
    },
    "0xf703-0x260000" : {
      "Text" : "[1;6C",
      "Action" : 10
    },
    "0xf700-0x220000" : {
      "Text" : "[1;2A",
      "Action" : 10
    },
    "0xf701-0x280000" : {
      "Text" : "0x1b 0x1b 0x5b 0x42",
      "Action" : 11
    },
    "0x38-0x40000" : {
      "Text" : "0x7f",
      "Action" : 11
    },
    "0x33-0x40000" : {
      "Text" : "0x1b",
      "Action" : 11
    },
    "0x64-0x80000-0x2" : {
      "Version" : 1,
      "Action" : 10,
      "Text" : "d",
      "Label" : ""
    },
    "0xf703-0x220000" : {
      "Text" : "[1;2C",
      "Action" : 10
    },
    "0xf701-0x240000" : {
      "Text" : "[1;5B",
      "Action" : 10
    },
    "0xf70d-0x20000" : {
      "Text" : "[21;2~",
      "Action" : 10
    },
    "0xf702-0x260000" : {
      "Text" : "[1;6D",
      "Action" : 10
    },
    "0xf729-0x40000" : {
      "Text" : "[1;5H",
      "Action" : 10
    },
    "0xf706-0x20000" : {
      "Text" : "[1;2R",
      "Action" : 10
    },
    "0x34-0x40000" : {
      "Text" : "0x1c",
      "Action" : 11
    },
    "0xf700-0x280000" : {
      "Text" : "0x1b 0x1b 0x5b 0x41",
      "Action" : 11
    },
    "0x66-0x80000-0x3" : {
      "Version" : 1,
      "Action" : 10,
      "Text" : "f",
      "Label" : ""
    },
    "0x2d-0x40000" : {
      "Text" : "0x1f",
      "Action" : 11
    },
    "0xf70e-0x20000" : {
      "Text" : "[23;2~",
      "Action" : 10
    },
    "0xf702-0x220000" : {
      "Text" : "[1;2D",
      "Action" : 10
    },
    "0xf703-0x280000" : {
      "Text" : "0x1b 0x1b 0x5b 0x43",
      "Action" : 11
    },
    "0xf700-0x240000" : {
      "Text" : "[1;5A",
      "Action" : 10
    },
    "0xf707-0x20000" : {
      "Text" : "[1;2S",
      "Action" : 10
    },
    "0xf70a-0x20000" : {
      "Text" : "[18;2~",
      "Action" : 10
    },
    "0x35-0x40000" : {
      "Text" : "0x1d",
      "Action" : 11
    },
    "0xf70f-0x20000" : {
      "Text" : "[24;2~",
      "Action" : 10
    },
    "0xf703-0x240000" : {
      "Text" : "[1;5C",
      "Action" : 10
    },
    "0xf701-0x260000" : {
      "Text" : "[1;6B",
      "Action" : 10
    },
    "0xf702-0x280000" : {
      "Text" : "0x1b 0x1b 0x5b 0x44",
      "Action" : 11
    },
    "0xf72b-0x20000" : {
      "Text" : "[1;2F",
      "Action" : 10
    },
    "0x36-0x40000" : {
      "Text" : "0x1e",
      "Action" : 11
    },
    "0x62-0x80000-0xb" : {
      "Version" : 1,
      "Action" : 10,
      "Text" : "b",
      "Label" : ""
    },
    "0xf708-0x20000" : {
      "Text" : "[15;2~",
      "Action" : 10
    },
    "0xf701-0x220000" : {
      "Text" : "[1;2B",
      "Action" : 10
    },
    "0xf70b-0x20000" : {
      "Text" : "[19;2~",
      "Action" : 10
    },
    "0xf702-0x240000" : {
      "Text" : "[1;5D",
      "Action" : 10
    },
    "0xf704-0x20000" : {
      "Text" : "[1;2P",
      "Action" : 10
    }
  },
  "Window Type" : 0,
  "Blink Allowed" : true,
  "Background Image Location" : "",
  "Blur" : false,
  "Scrollback Lines" : 0,
  "Send Code When Idle" : false,
  "Close Sessions On End" : true,
  "Terminal Type" : "xterm-256color",
  "Visual Bell" : true,
  "Flashing Bell" : false,
  "Silence Bell" : false,
  "Ansi 14 Color" : {
    "Red Component" : 0.5168200731,
    "Color Space" : "sRGB",
    "Blue Component" : 1,
    "Alpha Component" : 1,